Area,Parameter,Aspect Ratio,Solidity,Eccentricity,Predicted_Species
7899433.0,31964.65862250328,0.6987763603228326,0.8505005097178542,0,A
6940306.0,25856.706743001934,0.8844339622641509,0.7562912155090836,0,A
5471407.5,29843.03154158592,1.0359116022099448,0.6872806833807094,0,A
8642547.5,23557.89071714878,0.75,0.7294479537841873,0,M
